"Serial No.","Dealer Credit Code","PPI_1(without QC)","PPI_1(with QC)","SLAB_1(without QC)","SLAB_1(with QC)"
1,0000337941,-,-,-,-
2,0000113688,-,-,-,-
3,0000104778,-,-,-,-
4,0000104779,-,-,-,-
5,0000177726,-,-,100,-
6,0000114742,-,-,-,-
7,0000104780,-,-,-,-
8,0000104781,-,-,-,-
9,0000213484,-,-,-,-
10,0000104782,-,-,200,-
11,0000151276,-,-,-,-
12,0000114745,-,-,-,-
13,0000113854,-,-,-,-
14,0000279302,-,-,-,-
15,0000114908,-,-,-,-
16,0000114746,-,-,-,-
17,0000113855,-,-,-,-
18,0000104783,900,-,400,-
19,0000112964,-,-,-,-
20,0000151277,-,-,-,-
21,0000114747,-,-,-,-
22,0000114748,-,-,-,-
23,0000104788,-,-,-,-
24,0000104789,-,-,-,-
25,0000287328,-,-,400,-
26,0000114751,-,-,-,-
27,0000231473,-,-,-,-
28,0000161246,-,-,400,-
29,0000104790,-,-,-,-
30,0000104791,-,-,-,-
31,0000114916,-,-,-,-
32,0000104792,-,-,-,-
33,0000114755,-,-,-,-
34,0000104793,-,-,-,-
35,0000112974,-,-,-,-
36,0000287332,-,-,-,-
37,0000112975,-,-,-,-
38,0000356831,-,-,-,-
39,0000113867,-,-,-,-
40,0000195560,-,-,-,-
41,0000356670,-,-,-,-
42,0000287335,-,-,-,-
43,0000114598,-,-,-,-
44,0000112979,-,-,-,-
45,0000279319,-,-,-,-
46,0000176699,-,-,100,-
47,0000155014,900,-,200,-
48,0000114922,-,-,-,-
49,0000114923,-,-,-,-
50,0000113870,1800,-,-,-
51,0000114924,-,-,100,-
52,0000331276,-,-,100,-
53,0000230755,-,-,-,-
54,0000222736,-,-,-,-
55,0000114925,-,-,-,-
56,0000114926,-,-,-,-
57,0000114765,-,-,-,-
58,0000113875,-,-,-,-
59,0000112985,-,-,-,-
60,0000284832,900,-,100,-
61,0000105858,-,-,-,-
62,0000284833,-,-,-,-
63,0000105859,-,-,-,-
64,0000112987,-,-,-,-
65,0000112988,450,-,-,-
66,0000177596,6000,-,200,-
67,0000319999,900,-,200,-
68,0000334116,900,-,400,-
69,0000231652,-,-,400,-
70,0000231653,-,-,-,-
71,0000105860,-,-,-,-
72,0000114932,-,-,-,-
73,0000105861,-,-,-,-
74,0000330556,-,-,400,-
75,0000105862,-,-,100,-
76,0000114772,-,-,-,-
77,0000113882,-,-,-,-
78,0000105863,-,-,-,-
79,0000230766,-,-,-,-
80,0000114775,-,-,-,-
81,0000105865,-,-,-,-
82,0000105866,-,-,-,-
83,0000339921,-,-,400,-
84,0000105867,-,-,-,-
85,0000112995,1800,-,400,-
86,0000105868,-,-,-,-
87,0000105869,-,-,100,-
88,0000113889,-,-,-,-
89,0000294485,-,-,-,-
90,0000194694,-,-,100,-
91,0000350161,-,-,-,-
92,0000106920,-,-,-,-
93,0000230770,-,-,-,-
94,0000114940,-,-,-,-
95,0000114942,-,-,-,-
96,0000222915,-,-,400,-
97,0000105871,-,-,-,-
98,0000105872,-,-,-,-
99,0000113892,-,-,-,-
100,0000105873,450,-,400,-
101,0000457702,-,-,-,-
102,0000105875,-,-,-,-
103,0000105876,-,-,-,-
104,0000105877,-,-,100,-
105,0000105878,-,-,-,-
106,0000105879,-,-,-,-
107,0000267925,-,-,-,-
108,0000195917,-,-,-,-
109,0000349578,-,-,400,-
110,0000165009,-,-,-,-
111,0000332356,-,-,-,-
112,0000105880,-,-,-,-
113,0000114790,-,-,-,-
114,0000105881,-,-,-,-
115,0000161609,-,-,-,-
116,0000261078,-,-,-,-
117,0000105882,-,-,-,-
118,0000222927,-,-,-,-
119,0000105883,-,-,-,-
120,0000105884,-,-,-,-
121,0000105885,-,-,-,-
122,0000213858,-,-,-,-
123,0000196650,-,-,-,-
124,0000105886,1800,-,400,-
125,0000114958,-,-,-,-
126,0000213859,-,-,-,-
127,0000105887,-,-,-,-
128,0000105888,-,-,-,-
129,0000114799,-,-,-,-
130,0000105889,-,-,-,-
131,0000358819,-,-,-,-
132,0000222930,-,-,-,-
133,0000231845,-,-,100,-
134,0000105890,-,-,-,-
135,0000105891,-,-,-,-
136,0000114963,-,-,-,-
137,0000105892,-,-,-,-
138,0000105893,-,-,-,-
139,0000161297,450,-,400,-
140,0000162188,-,-,-,-
141,0000105896,-,-,-,-
142,0000105897,-,-,-,-
143,0000193990,3600,-,400,-
144,0000105899,900,-,100,-
145,0000459188,-,-,100,-
146,0000214923,-,-,-,-
147,0000232744,-,-,-,-
148,0000350197,-,-,-,-
149,0000321686,450,-,100,-
150,0000114974,-,-,-,-
151,0000114975,-,-,-,-
152,0000214767,-,-,400,-
153,0000162199,900,-,400,-
154,0000214768,-,-,-,-
155,0000214769,450,-,100,-
156,0000295572,-,-,-,-
157,0000114978,-,-,-,-
158,0000287556,-,-,-,-
159,0000286666,900,-,100,-
160,0000260531,450,-,400,-
161,0000151831,-,-,-,-
162,0000216712,-,-,-,-
163,0000151832,-,-,-,-
164,0000163253,-,-,200,-
165,0000151833,-,-,-,-
166,0000163254,-,-,-,-
167,0000214770,-,-,-,-
168,0000214771,-,-,-,-
169,0000155076,450,-,-,-
170,0000114981,450,-,-,-
171,0000114983,-,-,-,-
172,0000114988,-,-,400,-
173,0000252521,-,-,-,-
174,0000165203,900,-,400,-
175,0000165204,-,-,-,-
176,0000154514,-,-,-,-
177,0000232927,-,-,-,-
178,0000333449,-,-,200,-
179,0000114993,-,-,-,-
180,0000330778,-,-,-,-
181,0000330779,450,-,400,-
182,0000179763,-,-,-,-
183,0000249993,900,-,400,-
184,0000289198,900,-,200,-
185,0000460131,-,-,-,-
186,0000453003,-,-,400,-
187,0000154525,-,-,-,-
188,0000271409,-,-,-,-
189,0000253428,450,-,400,-
190,0000163439,-,-,-,-
191,0000457761,-,-,-,-
192,0000457764,-,-,400,-
193,0000163440,-,-,-,-
194,0000150971,-,-,-,-
195,0000150972,-,-,-,-
196,0000163288,-,-,-,-
197,0000179943,-,-,-,-
198,0000268883,-,-,-,-
199,0000268885,-,-,-,-
200,0000293998,-,-,-,-
201,0000165070,-,-,-,-
202,0000261624,-,-,-,-
203,0000165079,-,-,-,-
204,0000162568,-,-,-,-
205,0000289707,-,-,-,-
206,0000198666,450,-,100,-
207,0000199719,-,-,-,-
208,0000287929,900,-,400,-
209,0000300210,900,-,400,-
210,0000113102,3600,-,400,-
211,0000113103,-,-,-,-
212,0000300052,-,-,-,-
213,0000113104,-,-,-,-
214,0000460326,-,-,-,-
215,0000165081,-,-,-,-
216,0000165082,-,-,-,-
217,0000253453,-,-,-,-
218,0000333647,-,-,-,-
219,0000289713,-,-,400,-
220,0000114008,-,-,-,-
221,0000283022,-,-,-,-
222,0000345231,-,-,-,-
223,0000166141,-,-,100,-
224,0000283026,1800,-,-,-
225,0000460338,-,-,-,-
226,0000229083,-,-,400,-
227,0000323696,-,-,-,-
228,0000154569,-,-,-,-
229,0000457964,-,-,400,-
230,0000113120,900,-,400,-
231,0000105101,-,-,-,-
232,0000113121,-,-,-,-
233,0000113124,-,-,-,-
234,0000300073,450,-,-,-
235,0000300236,-,-,-,-
236,0000113126,-,-,-,-
237,0000113127,-,-,-,-
238,0000281411,-,-,400,-
239,0000347022,900,-,400,-
240,0000283037,-,-,-,-
241,0000442367,-,-,-,-
242,0000154579,-,-,-,-
243,0000320006,-,-,-,-
244,0000114026,-,-,-,-
245,0000283205,-,-,400,-
246,0000460192,-,-,-,-
247,0000166162,450,-,400,-
248,0000341690,-,-,-,-
249,0000318365,-,-,-,-
250,0000460197,-,-,-,-
251,0000325495,-,-,-,-
252,0000459764,-,-,-,-
253,0000114030,-,-,-,-
254,0000113140,-,-,400,-
255,0000113143,-,-,-,-
256,0000113144,900,-,400,-
257,0000114036,-,-,-,-
258,0000113307,-,-,-,-
259,0000114037,-,-,100,-
260,0000113147,-,-,-,-
261,0000114038,-,-,400,-
262,0000114039,-,-,-,-
263,0000113148,-,-,-,-
264,0000271631,-,-,-,-
265,0000346315,-,-,-,-
266,0000156370,-,-,-,-
267,0000281272,-,-,100,-
268,0000360578,-,-,-,-
269,0000166179,-,-,-,-
270,0000288864,-,-,400,-
271,0000114040,-,-,-,-
272,0000114041,450,-,400,-
273,0000113313,-,-,-,-
274,0000113151,-,-,-,-
275,0000114205,-,-,-,-
276,0000113153,-,-,-,-
277,0000114044,-,-,-,-
278,0000211326,-,-,-,-
279,0000114049,900,-,-,-
280,0000113158,-,-,-,-
281,0000271801,-,-,-,-
282,0000463043,-,-,-,-
283,0000113159,-,-,-,-
284,0000281604,-,-,-,-
285,0000166180,-,-,-,-
286,0000154761,-,-,-,-
287,0000452519,-,-,-,-
288,0000326726,-,-,-,-
289,0000149417,-,-,-,-
290,0000252935,-,-,-,-
291,0000219809,-,-,-,-
292,0000180767,450,-,200,-
293,0000199774,-,-,-,-
294,0000199775,-,-,-,-
295,0000115102,-,-,-,-
296,0000114211,-,-,-,-
297,0000113322,-,-,-,-
298,0000113160,-,-,-,-
299,0000113325,-,-,400,-
300,0000113164,-,-,-,-
301,0000115108,3600,-,400,-
302,0000115109,-,-,-,-
303,0000113329,-,-,-,-
304,0000327620,1800,-,200,-
305,0000290522,-,-,-,-
306,0000114059,-,-,-,-
307,0000290523,900,-,400,-
308,0000270760,-,-,-,-
309,0000281616,-,-,-,-
310,0000343663,-,-,-,-
311,0000281618,-,-,-,-
312,0000155664,450,-,200,-
313,0000165466,450,-,100,-
314,0000115110,-,-,-,-
315,0000115112,-,-,-,-
316,0000115113,450,-,400,-
317,0000114222,-,-,-,-
318,0000115114,-,-,-,-
319,0000113332,-,-,-,-
320,0000115115,-,-,-,-
321,0000114224,-,-,-,-
322,0000114063,-,-,400,-
323,0000113173,-,-,-,-
324,0000115117,-,-,-,-
325,0000115118,-,-,-,-
326,0000113174,-,-,-,-
327,0000114227,-,-,-,-
328,0000115119,3600,-,200,-
329,0000114228,-,-,-,-
330,0000357031,-,-,-,-
331,0000114068,-,-,-,-
332,0000113178,-,-,-,-
333,0000443462,-,-,-,-
334,0000357035,900,-,400,-
335,0000346505,450,-,400,-
336,0000335813,900,-,200,-
337,0000157452,-,-,-,-
338,0000462337,-,-,-,-
339,0000338165,-,-,-,-
340,0000149436,-,-,-,-
341,0000149437,-,-,-,-
342,0000136964,-,-,-,-
343,0000149438,-,-,-,-
344,0000136965,450,-,400,-
345,0000199796,-,-,-,-
346,0000115120,-,-,-,-
347,0000113503,-,-,400,-
348,0000114071,-,-,-,-
349,0000115124,-,-,-,-
350,0000115125,-,-,-,-
351,0000114235,-,-,-,-
352,0000113182,900,-,400,-
353,0000115127,-,-,-,-
354,0000114236,-,-,-,-
355,0000113183,-,-,400,-
356,0000113184,450,-,200,-
357,0000114075,-,-,-,-
358,0000114238,-,-,-,-
359,0000355421,900,-,400,-
360,0000113186,-,-,-,-
361,0000149440,-,-,-,-
362,0000354533,-,-,-,-
363,0000113189,-,-,-,-
364,0000149441,-,-,-,-
365,0000149442,-,-,-,-
366,0000177225,-,-,-,-
367,0000319624,-,-,-,-
368,0000194317,-,-,100,-
369,0000264707,900,-,-,-
370,0000149447,-,-,-,-
371,0000165809,-,-,-,-
372,0000150200,-,-,400,-
373,0000150201,-,-,-,-
374,0000114402,-,-,-,-
375,0000214033,-,-,-,-
376,0000114080,-,-,-,-
377,0000115133,-,-,-,-
378,0000113190,-,-,-,-
379,0000115135,-,-,-,-
380,0000114082,-,-,-,-
381,0000113191,-,-,-,-
382,0000114408,-,-,-,-
383,0000114409,-,-,-,-
384,0000115138,-,-,-,-
385,0000113356,900,-,400,-
386,0000337611,450,-,-,-
387,0000149452,-,-,-,-
388,0000165814,-,-,-,-
389,0000149453,-,-,-,-
390,0000264716,1800,-,400,-
391,0000154962,-,-,-,-
392,0000149454,-,-,-,-
393,0000165816,900,-,200,-
394,0000443485,-,-,-,-
395,0000327655,-,-,100,-
396,0000154963,-,-,-,-
397,0000149457,-,-,-,-
398,0000149458,-,-,-,-
399,0000290399,-,-,-,-
400,0000115141,-,-,-,-
401,0000115142,-,-,-,-
402,0000114090,-,-,400,-
403,0000113361,-,-,-,-
404,0000115143,-,-,-,-
405,0000114415,-,-,-,-
406,0000114253,-,-,-,-
407,0000113363,-,-,-,-
408,0000114254,450,-,400,-
409,0000114093,900,-,-,-
410,0000115309,-,-,-,-
411,0000114256,-,-,-,-
412,0000222229,-,-,-,-
413,0000114257,-,-,-,-
414,0000104618,-,-,-,-
415,0000113366,-,-,-,-
416,0000293231,-,-,-,-
417,0000104619,-,-,-,-
418,0000359005,-,-,-,-
419,0000355605,-,-,-,-
420,0000459996,-,-,-,-
421,0000222230,-,-,-,-
422,0000116202,-,-,-,-
423,0000304041,900,-,400,-
424,0000115150,-,-,-,-
425,0000104621,900,-,400,-
426,0000116204,-,-,-,-
427,0000114261,-,-,-,-
428,0000104622,-,-,-,-
429,0000116205,-,-,-,-
430,0000113370,-,-,-,-
431,0000113371,-,-,-,-
432,0000104623,-,-,-,-
433,0000116207,-,-,-,-
434,0000220616,-,-,-,-
435,0000115317,-,-,-,-
436,0000104625,-,-,-,-
437,0000104626,-,-,-,-
438,0000113536,-,-,-,-
439,0000112807,-,-,-,-
440,0000115319,-,-,-,-
441,0000104627,-,-,-,-
442,0000113537,-,-,-,-
443,0000115158,-,-,-,-
444,0000113376,-,-,-,-
445,0000104628,450,-,400,-
446,0000115159,-,-,-,-
447,0000104629,-,-,400,-
448,0000113378,-,-,-,-
449,0000293405,-,-,-,-
450,0000174906,-,-,-,-
451,0000194188,-,-,-,-
452,0000116210,-,-,-,-
453,0000116212,-,-,-,-
454,0000116214,-,-,-,-
455,0000104631,-,-,400,-
456,0000116215,-,-,-,-
457,0000115162,-,-,-,-
458,0000113380,-,-,-,-
459,0000104632,-,-,-,-
460,0000115324,-,-,-,-
461,0000115163,-,-,-,-
462,0000104633,-,-,-,-
463,0000104634,-,-,-,-
464,0000114435,450,-,100,-
465,0000115164,-,-,-,-
466,0000114436,-,-,-,-
467,0000115327,-,-,-,-
468,0000104635,-,-,-,-
469,0000112816,-,-,-,-
470,0000113545,-,-,-,-
471,0000115328,-,-,400,-
472,0000220628,450,-,400,-
473,0000112818,-,-,-,-
474,0000113385,-,-,-,-
475,0000114276,-,-,-,-
476,0000113386,-,-,100,-
477,0000104638,-,-,-,-
478,0000115168,-,-,-,-
479,0000115169,-,-,-,-
480,0000113387,-,-,-,-
481,0000104639,450,-,400,-
482,0000357409,-,-,-,-
483,0000148593,-,-,-,-
484,0000148594,-,-,-,-
485,0000148596,-,-,-,-
486,0000299950,-,-,-,-
487,0000299795,-,-,-,-
488,0000114601,-,-,-,-
489,0000115331,1800,-,400,-
490,0000232214,-,-,-,-
491,0000115170,-,-,100,-
492,0000104640,-,-,-,-
493,0000112821,-,-,-,-
494,0000114442,-,-,-,-
495,0000104641,-,-,-,-
496,0000116224,-,-,-,-
497,0000115171,-,-,-,-
498,0000104642,-,-,-,-
499,0000104804,-,-,-,-
500,0000114282,-,-,100,-
501,0000115173,-,-,-,-
502,0000104643,900,-,400,-
503,0000113553,-,-,-,-
504,0000104805,-,-,-,-
505,0000113554,-,-,-,-
506,0000104644,-,-,-,-
507,0000115337,-,-,-,-
508,0000113555,-,-,-,-
509,0000104645,-,-,-,-
510,0000116228,-,-,-,-
511,0000222257,-,-,-,-
512,0000113394,-,-,-,-
513,0000104646,900,-,200,-
514,0000114447,-,-,200,-
515,0000104647,-,-,-,-
516,0000113719,-,-,-,-
517,0000104648,-,-,-,-
518,0000115178,-,-,-,-
519,0000114287,-,-,100,-
520,0000113397,-,-,-,-
521,0000113559,450,-,400,-
522,0000104649,-,-,-,-
523,0000113399,-,-,-,-
524,0000182782,-,-,-,-
525,0000354746,-,-,-,-
526,0000182783,450,-,200,-
527,0000165856,-,-,-,-
528,0000224202,-,-,-,-
529,0000116230,-,-,-,-
530,0000113720,-,-,-,-
531,0000114612,-,-,-,-
532,0000112830,-,-,-,-
533,0000112831,-,-,-,-
534,0000104650,1800,-,400,-
535,0000113560,-,-,-,-
536,0000116233,-,-,-,-
537,0000113561,-,-,-,-
538,0000112832,-,-,-,-
539,0000161108,-,-,100,-
540,0000104814,-,-,-,-
541,0000161109,-,-,-,-
542,0000104653,-,-,-,-
543,0000116236,-,-,-,-
544,0000113563,450,-,400,-
545,0000116237,-,-,-,-
546,0000112835,-,-,400,-
547,0000104655,-,-,-,-
548,0000104656,-,-,-,-
549,0000116239,-,-,-,-
550,0000300676,-,-,100,-
551,0000259411,-,-,-,-
552,0000104657,-,-,-,-
553,0000104819,-,-,-,-
554,0000104658,-,-,-,-
555,0000113569,-,-,-,-
556,0000104659,-,-,-,-
557,0000455274,-,-,-,-
558,0000347625,-,-,-,-
559,0000291493,-,-,-,-
560,0000349248,-,-,400,-
561,0000229858,-,-,-,-
562,0000350000,-,-,-,-
563,0000161110,-,-,-,-
564,0000104820,-,-,-,-
565,0000113730,-,-,-,-
566,0000116241,-,-,-,-
567,0000205341,-,-,-,-
568,0000113731,1800,-,400,-
569,0000104821,-,-,-,-
570,0000115351,1800,-,400,-
571,0000223162,-,-,-,-
572,0000113570,-,-,-,-
573,0000116243,-,-,-,-
574,0000104660,-,-,-,-
575,0000114623,-,-,-,-
576,0000104661,-,-,-,-
577,0000104823,-,-,-,-
578,0000104824,-,-,-,-
579,0000104662,-,-,-,-
580,0000116246,-,-,-,-
581,0000104825,-,-,-,-
582,0000104663,-,-,-,-
583,0000112844,-,-,-,-
584,0000116247,-,-,-,-
585,0000104664,-,-,-,-
586,0000104826,-,-,-,-
587,0000231348,-,-,-,-
588,0000104665,-,-,-,-
589,0000104827,-,-,-,-
590,0000116248,-,-,400,-
591,0000115358,-,-,-,-
592,0000113738,-,-,-,-
593,0000113576,-,-,-,-
594,0000104828,-,-,-,-
595,0000104666,-,-,400,-
596,0000282911,-,-,-,-
597,0000104667,3600,-,400,-
598,0000104829,1800,-,400,-
599,0000115359,450,-,100,-
600,0000114468,-,-,400,-
601,0000282912,450,-,400,-
602,0000113579,-,-,-,-
603,0000104669,-,-,-,-
604,0000115199,450,-,100,-
605,0000354766,-,-,400,-
606,0000151323,-,-,-,-
607,0000113901,-,-,-,-
608,0000115360,-,-,-,-
609,0000113740,-,-,400,-
610,0000104830,-,-,-,-
611,0000151324,-,-,-,-
612,0000115361,-,-,-,-
613,0000115362,-,-,-,-
614,0000104670,1800,-,200,-
615,0000104832,-,-,-,-
616,0000114471,3600,-,400,-
617,0000114472,-,-,-,-
618,0000104833,-,-,-,-
619,0000113743,-,-,-,-
620,0000104671,1800,-,400,-
621,0000104672,-,-,-,-
622,0000104834,-,-,400,-
623,0000113582,-,-,-,-
624,0000321347,-,-,-,-
625,0000104835,-,-,-,-
626,0000104673,-,-,-,-
627,0000115365,-,-,-,-
628,0000113908,450,-,100,-
629,0000104836,900,-,-,-
630,0000113585,-,-,-,-
631,0000104837,-,-,-,-
632,0000116258,-,-,-,-
633,0000104675,-,-,-,-
634,0000104838,-,-,-,-
635,0000116259,-,-,-,-
636,0000113587,-,-,-,-
637,0000104677,-,-,-,-
638,0000104839,450,-,400,-
639,0000113749,-,-,-,-
640,0000283813,900,-,400,-
641,0000104678,3600,-,200,-
642,0000283814,-,-,-,-
643,0000267614,-,-,-,-
644,0000104679,-,-,-,-
645,0000293619,-,-,400,-
646,0000357287,-,-,-,-
647,0000180004,-,-,-,-
648,0000180005,900,-,400,-
649,0000113910,-,-,-,-
650,0000350025,-,-,400,-
651,0000104840,-,-,-,-
652,0000232415,-,-,-,-
653,0000104841,-,-,-,-
654,0000116262,-,-,-,-
655,0000114642,450,-,200,-
656,0000113590,-,-,-,-
657,0000104842,-,-,-,-
658,0000104680,-,-,-,-
659,0000151174,-,-,-,-
660,0000116264,-,-,-,-
661,0000104681,-,-,-,-
662,0000112862,-,-,-,-
663,0000114644,-,-,-,-
664,0000115373,-,-,-,-
665,0000104682,-,-,-,-
666,0000104683,-,-,-,-
667,0000104845,-,-,-,-
668,0000116266,-,-,-,-
669,0000114646,900,-,400,-
670,0000115375,-,-,-,-
671,0000113918,3600,-,-,-
672,0000104684,-,-,400,-
673,0000104846,-,-,-,-
674,0000116268,-,-,-,-
675,0000113919,-,-,-,-
676,0000104848,-,-,100,-
677,0000114649,-,-,-,-
678,0000112867,-,-,-,-
679,0000115378,-,-,-,-
680,0000104687,-,-,-,-
681,0000113597,1800,-,200,-
682,0000104849,-,-,-,-
683,0000296135,-,-,-,-
684,0000293462,-,-,-,-
685,0000104688,900,-,400,-
686,0000104689,-,-,-,-
687,0000318980,-,-,-,-
688,0000268355,-,-,-,-
689,0000249482,-,-,200,-
690,0000255889,-,-,-,-
691,0000105900,-,-,-,-
692,0000105901,-,-,-,-
693,0000105902,-,-,-,-
694,0000116270,-,-,-,-
695,0000105903,-,-,-,-
696,0000104850,-,-,-,-
697,0000171108,-,-,-,-
698,0000105904,-,-,-,-
699,0000104852,-,-,-,-
700,0000105905,450,-,400,-
701,0000112871,-,-,400,-
702,0000116273,-,-,100,-
703,0000104691,-,-,-,-
704,0000105906,-,-,-,-
705,0000104853,-,-,-,-
706,0000114817,-,-,-,-
707,0000104692,-,-,400,-
708,0000105907,-,-,-,-
709,0000113764,1800,-,400,-
710,0000115384,-,-,-,-
711,0000104693,-,-,-,-
712,0000105908,-,-,-,-
713,0000104855,-,-,-,-
714,0000113766,-,-,100,-
715,0000105909,-,-,-,-
716,0000115386,-,-,-,-
717,0000104694,-,-,-,-
718,0000112875,-,-,400,-
719,0000104856,-,-,-,-
720,0000112876,-,-,-,-
721,0000104858,-,-,-,-
722,0000104696,-,-,-,-
723,0000328950,-,-,-,-
724,0000104859,-,-,-,-
725,0000195625,-,-,-,-
726,0000104698,-,-,-,-
727,0000104699,-,-,-,-
728,0000293477,-,-,-,-
729,0000264965,-,-,200,-
730,0000264969,-,-,-,-
731,0000153132,450,-,400,-
732,0000114820,-,-,-,-
733,0000113930,-,-,-,-
734,0000105911,-,-,-,-
735,0000153134,-,-,-,-
736,0000304283,-,-,-,-
737,0000104861,-,-,-,-
738,0000114824,-,-,-,-
739,0000321375,-,-,-,-
740,0000114825,-,-,-,-
741,0000113772,6000,-,400,-
742,0000113934,-,-,-,-
743,0000115393,-,-,-,-
744,0000113773,-,-,-,-
745,0000114826,-,-,-,-
746,0000116284,-,-,-,-
747,0000105916,-,-,-,-
748,0000116285,-,-,-,-
749,0000105917,900,-,400,-
750,0000113774,-,-,-,-
751,0000114827,1800,-,400,-
752,0000115394,450,-,-,-
753,0000104864,900,-,400,-
754,0000224259,-,-,400,-
755,0000104865,-,-,-,-
756,0000220696,-,-,-,-
757,0000105919,-,-,-,-
758,0000104866,-,-,-,-
759,0000113938,-,-,-,-
760,0000292913,-,-,-,-
761,0000220697,-,-,-,-
762,0000104867,-,-,-,-
763,0000104868,-,-,-,-
764,0000116289,-,-,-,-
765,0000279064,-,-,-,-
766,0000104869,-,-,-,-
767,0000328961,-,-,-,-
768,0000283682,1800,-,400,-
769,0000345892,1800,-,400,-
770,0000292594,-,-,400,-
771,0000264976,900,-,200,-
772,0000264978,-,-,-,-
773,0000162210,-,-,-,-
774,0000153141,-,-,400,-
775,0000105921,-,-,-,-
776,0000105922,-,-,-,-
777,0000104870,-,-,-,-
778,0000105923,-,-,-,-
779,0000105924,-,-,-,-
780,0000112890,-,-,-,-
781,0000104871,-,-,-,-
782,0000113944,-,-,200,-
783,0000104872,-,-,-,-
784,0000105925,-,-,-,-
785,0000222809,-,-,-,-
786,0000113783,-,-,-,-
787,0000104873,-,-,-,-
788,0000105926,-,-,-,-
789,0000105927,-,-,-,-
790,0000104874,-,-,-,-
791,0000105928,-,-,-,-
792,0000116296,-,-,-,-
793,0000104875,-,-,100,-
794,0000459215,6000,-,400,-
795,0000112895,-,-,-,-
796,0000104876,-,-,-,-
797,0000114678,-,-,-,-
798,0000104878,-,-,-,-
799,0000114679,-,-,400,-
800,0000264980,-,-,-,-
801,0000104879,-,-,-,-
802,0000461892,-,-,-,-
803,0000266925,1800,-,400,-
804,0000328973,-,-,-,-
805,0000180041,-,-,-,-
806,0000105930,-,-,-,-
807,0000105931,-,-,-,-
808,0000114680,-,-,-,-
809,0000105932,-,-,-,-
810,0000113951,-,-,-,-
811,0000234237,-,-,200,-
812,0000105933,-,-,-,-
813,0000114843,-,-,-,-
814,0000171138,-,-,-,-
815,0000113790,-,-,-,-
816,0000113791,-,-,-,-
817,0000114682,-,-,-,-
818,0000114844,-,-,-,-
819,0000104881,-,-,-,-
820,0000105934,3600,-,400,-
821,0000114683,-,-,-,-
822,0000105935,6000,-,400,-
823,0000104882,-,-,-,-
824,0000104883,450,-,200,-
825,0000114684,-,-,-,-
826,0000105936,-,-,-,-
827,0000105937,-,-,-,-
828,0000113956,-,-,-,-
829,0000105938,-,-,-,-
830,0000104886,-,-,-,-
831,0000105939,900,-,400,-
832,0000211968,-,-,100,-
833,0000114688,-,-,-,-
834,0000287263,-,-,-,-
835,0000104887,-,-,-,-
836,0000104888,-,-,-,-
837,0000279087,-,-,-,-
838,0000214802,-,-,100,-
839,0000105941,-,-,-,-
840,0000152274,-,-,-,-
841,0000105942,-,-,-,-
842,0000105943,-,-,-,-
843,0000104890,450,-,200,-
844,0000114854,-,-,400,-
845,0000104891,-,-,-,-
846,0000105944,900,-,400,-
847,0000150819,-,-,-,-
848,0000104892,-,-,-,-
849,0000105945,900,-,400,-
850,0000104893,-,-,-,-
851,0000105946,-,-,-,-
852,0000105947,-,-,-,-
853,0000113966,-,-,-,-
854,0000104894,-,-,-,-
855,0000113967,-,-,-,-
856,0000105948,-,-,-,-
857,0000104895,-,-,-,-
858,0000114859,-,-,-,-
859,0000105949,1800,-,400,-
860,0000104896,-,-,-,-
861,0000113968,-,-,-,-
862,0000248960,-,-,-,-
863,0000104897,-,-,-,-
864,0000104898,-,-,-,-
865,0000196394,-,-,-,-
866,0000286387,-,-,-,-
867,0000286388,-,-,400,-
868,0000286389,900,-,400,-
869,0000334203,450,-,400,-
870,0000261141,-,-,200,-
871,0000332260,-,-,-,-
872,0000340442,-,-,-,-
873,0000105950,-,-,-,-
874,0000113970,-,-,-,-
875,0000105951,1800,-,400,-
876,0000114861,-,-,-,-
877,0000113971,-,-,-,-
878,0000105952,-,-,-,-
879,0000113972,1800,-,200,-
880,0000105953,-,-,-,-
881,0000162249,-,-,-,-
882,0000113973,-,-,100,-
883,0000211983,-,-,-,-
884,0000113974,450,-,200,-
885,0000114865,-,-,-,-
886,0000105956,-,-,-,-
887,0000113976,-,-,-,-
888,0000105957,-,-,100,-
889,0000286390,-,-,200,-
890,0000230698,-,-,-,-
891,0000105958,-,-,-,-
892,0000105959,-,-,-,-
893,0000266953,-,-,200,-
894,0000164036,-,-,-,-
895,0000163307,-,-,-,-
896,0000114870,-,-,-,-
897,0000105961,900,-,400,-
898,0000113980,-,-,-,-
899,0000234429,-,-,-,-
900,0000105963,-,-,-,-
901,0000113983,-,-,-,-
902,0000105965,-,-,-,-
903,0000115928,-,-,-,-
904,0000114875,-,-,-,-
905,0000105966,-,-,-,-
906,0000114879,-,-,-,-
907,0000177862,-,-,-,-
908,0000326041,-,-,-,-
909,0000234431,-,-,-,-
910,0000326043,-,-,-,-
911,0000234432,-,-,-,-
912,0000234433,-,-,-,-
913,0000343136,-,-,-,-
914,0000234435,-,-,-,-
915,0000114881,-,-,-,-
916,0000105975,900,-,100,-
917,0000114887,-,-,-,-
918,0000113996,-,-,-,-
919,0000105979,-,-,-,-
920,0000179815,-,-,-,-
921,0000199259,900,-,400,-
922,0000321761,-,-,-,-
923,0000163163,-,-,-,-
924,0000321764,900,-,-,-
925,0000105980,-,-,400,-
926,0000213954,-,-,-,-
927,0000150857,-,-,-,-
928,0000215743,-,-,200,-
929,0000284972,-,-,-,-
930,0000460201,-,-,-,-
931,0000166010,-,-,-,-
932,0000163503,450,-,400,-
933,0000325182,-,-,-,-
934,0000163186,-,-,-,-
935,0000261198,-,-,-,-
936,0000261199,-,-,-,-
937,0000288706,-,-,-,-
938,0000197665,-,-,-,-
939,0000344062,-,-,200,-
940,0000166026,-,-,-,-
941,0000223941,-,-,-,-
942,0000180444,-,-,100,-
943,0000280077,-,-,-,-
944,0000213983,-,-,-,-
945,0000319120,-,-,-,-
946,0000290205,-,-,-,-
947,0000180451,-,-,-,-
948,0000263315,-,-,-,-
949,0000154613,-,-,-,-
950,0000180452,-,-,100,-
951,0000260481,-,-,-,-
952,0000182074,1800,-,400,-
953,0000322854,900,-,-,-
954,0000344239,-,-,400,-
955,0000162476,-,-,-,-
956,0000295690,-,-,-,-
957,0000288565,450,-,-,-
958,0000349884,900,-,400,-
959,0000113011,-,-,-,-
960,0000113012,-,-,-,-
961,0000113016,-,-,-,-
962,0000166201,-,-,-,-
963,0000323751,-,-,-,-
964,0000332662,-,-,-,-
965,0000280255,900,-,400,-
966,0000271183,-,-,-,-
967,0000165154,-,-,-,-
968,0000326427,-,-,-,-
969,0000136806,-,-,-,-
970,0000136807,-,-,-,-
971,0000109591,-,-,-,-
972,0000136808,-,-,-,-
973,0000136809,-,-,-,-
974,0000232876,-,-,-,-
975,0000113020,-,-,-,-
976,0000136810,-,-,-,-
977,0000462026,-,-,-,-
978,0000136811,-,-,-,-
979,0000136812,-,-,-,-
980,0000319144,-,-,-,-
981,0000136813,-,-,-,-
982,0000136814,-,-,-,-
983,0000136817,-,-,-,-
984,0000136818,-,-,-,-
985,0000358977,450,-,400,-
986,0000113032,-,-,-,-
987,0000113036,-,-,-,-
988,0000328061,-,-,-,-
989,0000136822,-,-,-,-
990,0000136824,-,-,-,-
991,0000163717,-,-,-,-
992,0000165338,-,-,-,-
993,0000165339,-,-,-,-
994,0000136828,450,-,200,-
995,0000136829,-,-,-,-
996,0000113040,-,-,-,-
997,0000270801,900,-,400,-
998,0000185104,-,-,-,-
999,0000162831,3600,-,400,-
1000,0000185106,-,-,-,-
1001,0000185107,-,-,-,-
1002,0000136832,-,-,-,-
1003,0000136833,-,-,-,-
1004,0000163563,-,-,-,-
1005,0000361367,-,-,-,-
1006,0000352297,-,-,-,-
1007,0000136837,-,-,-,-
1008,0000180658,-,-,-,-
1009,0000352298,-,-,-,-
1010,0000136838,-,-,-,-
1011,0000295896,-,-,400,-
1012,0000113050,-,-,-,-
1013,0000113212,-,-,-,-
1014,0000114105,-,-,-,-
1015,0000113214,-,-,-,-
1016,0000114106,450,-,400,-
1017,0000113053,-,-,-,-
1018,0000114107,-,-,-,-
1019,0000114108,-,-,-,-
1020,0000114109,-,-,-,-
1021,0000113056,-,-,-,-
1022,0000335530,-,-,-,-
1023,0000290091,-,-,400,-
1024,0000282234,-,-,-,-
1025,0000338044,450,-,100,-
1026,0000155715,-,-,-,-
1027,0000113221,-,-,-,-
1028,0000114113,-,-,-,-
1029,0000115004,-,-,-,-
1030,0000115005,-,-,-,-
1031,0000114114,-,-,-,-
1032,0000113223,-,-,-,-
1033,0000114115,-,-,-,-
1034,0000113224,-,-,-,-
1035,0000115009,450,-,100,-
1036,0000114119,-,-,200,-
1037,0000282401,-,-,-,-
1038,0000201438,-,-,-,-
1039,0000168033,-,-,-,-
1040,0000453155,-,-,-,-
1041,0000319347,450,-,400,-
1042,0000181729,-,-,-,-
1043,0000175169,450,-,400,-
1044,0000215999,-,-,-,-
1045,0000114121,-,-,-,-
1046,0000115012,-,-,-,-
1047,0000113232,-,-,-,-
1048,0000113070,-,-,-,-
1049,0000115017,-,-,-,-
1050,0000113235,-,-,-,-
1051,0000113074,450,-,-,-
1052,0000460612,-,-,-,-
1053,0000168040,1800,-,100,-
1054,0000343730,900,-,400,-
1055,0000343573,-,-,-,-
1056,0000343737,-,-,-,-
1057,0000163595,-,-,-,-
1058,0000298918,-,-,-,-
1059,0000113080,-,-,400,-
1060,0000115024,-,-,-,-
1061,0000113242,-,-,-,-
1062,0000200561,-,-,-,-
1063,0000113406,-,-,200,-
1064,0000113245,450,-,400,-
1065,0000114137,-,-,-,-
1066,0000343903,-,-,100,-
1067,0000329162,-,-,-,-
1068,0000148613,-,-,-,-
1069,0000148616,-,-,-,-
1070,0000148617,-,-,100,-
1071,0000148618,-,-,-,-
1072,0000253594,-,-,-,-
1073,0000113410,-,-,100,-
1074,0000114140,-,-,-,-
1075,0000115032,-,-,-,-
1076,0000114141,-,-,400,-
1077,0000115033,-,-,-,-
1078,0000114305,-,-,-,-
1079,0000114144,-,-,-,-
1080,0000113253,-,-,-,-
1081,0000115039,-,-,-,-
1082,0000113096,-,-,-,-
1083,0000113097,-,-,-,-
1084,0000149512,-,-,-,-
1085,0000148622,-,-,-,-
1086,0000113099,450,-,-,-
1087,0000290291,1800,-,100,-
1088,0000148623,-,-,-,-
1089,0000280653,-,-,-,-
1090,0000271581,-,-,-,-
1091,0000198985,900,-,200,-
1092,0000115040,450,-,100,-
1093,0000113420,-,-,-,-
1094,0000115042,-,-,-,-
1095,0000115043,-,-,-,-
1096,0000115044,-,-,-,-
1097,0000113425,450,-,-,-
1098,0000114156,-,-,-,-
1099,0000113266,-,-,-,-
1100,0000114319,900,-,-,-
1101,0000354614,-,-,-,-
1102,0000294027,900,-,200,-
1103,0000354454,900,-,400,-
1104,0000148637,-,-,-,-
1105,0000148638,-,-,-,-
1106,0000336479,900,-,400,-
1107,0000113270,-,-,-,-
1108,0000114323,-,-,-,-
1109,0000114162,-,-,100,-
1110,0000115054,900,-,200,-
1111,0000115216,-,-,-,-
1112,0000115218,-,-,-,-
1113,0000114166,450,-,400,-
1114,0000115219,-,-,-,-
1115,0000113275,-,-,-,-
1116,0000115058,-,-,200,-
1117,0000113276,-,-,-,-
1118,0000266411,-,-,-,-
1119,0000200594,-,-,-,-
1120,0000115059,-,-,-,-
1121,0000356406,450,-,200,-
1122,0000229560,-,-,-,-
1123,0000354465,-,-,-,-
1124,0000157392,450,-,200,-
1125,0000462439,-,-,-,-
1126,0000115221,-,-,-,-
1127,0000114331,-,-,-,-
1128,0000115223,-,-,-,-
1129,0000114333,-,-,-,-
1130,0000115063,-,-,-,-
1131,0000115064,-,-,-,-
1132,0000115226,-,-,-,-
1133,0000113283,-,-,-,-
1134,0000211455,-,-,-,-
1135,0000113284,-,-,-,-
1136,0000114337,-,-,-,-
1137,0000113609,-,-,-,-
1138,0000113285,-,-,-,-
1139,0000115067,-,-,-,-
1140,0000113448,-,-,-,-
1141,0000113289,-,-,-,-
1142,0000194257,-,-,-,-
1143,0000328475,-,-,100,-
1144,0000326857,-,-,-,-
1145,0000104700,-,-,-,-
1146,0000104701,-,-,-,-
1147,0000115231,-,-,-,-
1148,0000104702,-,-,-,-
1149,0000115070,450,-,200,-
1150,0000114504,-,-,400,-
1151,0000113451,-,-,-,-
1152,0000104703,-,-,-,-
1153,0000104704,-,-,-,-
1154,0000114182,-,-,-,-
1155,0000104706,-,-,-,-
1156,0000114184,-,-,-,-
1157,0000115237,-,-,400,-
1158,0000104707,-,-,-,-
1159,0000114509,-,-,-,-
1160,0000104708,-,-,-,-
1161,0000115238,-,-,-,-
1162,0000456051,-,-,400,-
1163,0000212197,-,-,-,-
1164,0000113459,-,-,-,-
1165,0000327911,-,-,-,-
1166,0000354482,-,-,-,-
1167,0000318846,-,-,-,-
1168,0000271947,-,-,-,-
1169,0000271949,-,-,-,-
1170,0000114510,-,-,-,-
1171,0000104710,-,-,-,-
1172,0000104711,-,-,-,-
1173,0000104712,-,-,-,-
1174,0000113622,900,-,200,-
1175,0000115242,-,-,-,-
1176,0000115243,-,-,-,-
1177,0000114514,-,-,-,-
1178,0000104714,-,-,-,-
1179,0000113462,-,-,-,-
1180,0000115082,450,-,100,-
1181,0000222164,-,-,-,-
1182,0000115245,-,-,-,-
1183,0000104715,-,-,-,-
1184,0000114354,1800,-,400,-
1185,0000115246,-,-,-,-
1186,0000104716,1800,-,400,-
1187,0000113626,-,-,400,-
1188,0000114355,-,-,100,-
1189,0000113627,-,-,-,-
1190,0000114518,-,-,-,-
1191,0000115247,-,-,-,-
1192,0000104718,1800,-,400,-
1193,0000114519,450,-,100,-
1194,0000114357,6000,-,400,-
1195,0000358213,450,-,100,-
1196,0000104719,-,-,100,-
1197,0000115087,-,-,-,-
1198,0000113468,-,-,-,-
1199,0000115089,-,-,-,-
1200,0000328650,-,-,-,-
1201,0000177181,-,-,-,-
1202,0000293175,-,-,-,-
1203,0000349147,-,-,-,-
1204,0000157585,-,-,-,-
1205,0000323010,-,-,-,-
1206,0000116301,900,-,400,-
1207,0000116302,-,-,-,-
1208,0000116303,-,-,-,-
1209,0000104720,-,-,-,-
1210,0000115250,-,-,-,-
1211,0000104721,-,-,-,-
1212,0000115252,-,-,-,-
1213,0000104722,-,-,-,-
1214,0000211642,-,-,-,-
1215,0000113471,-,-,-,-
1216,0000116306,-,-,-,-
1217,0000115253,-,-,-,-
1218,0000104723,-,-,-,-
1219,0000114525,-,-,-,-
1220,0000104724,-,-,-,-
1221,0000113472,-,-,-,-
1222,0000104725,-,-,-,-
1223,0000115093,-,-,-,-
1224,0000114526,-,-,-,-
1225,0000114364,-,-,400,-
1226,0000113473,-,-,-,-
1227,0000115256,-,-,-,-
1228,0000115094,3600,-,400,-
1229,0000104726,450,-,-,-
1230,0000113474,-,-,-,-
1231,0000115257,-,-,-,-
1232,0000104727,-,-,100,-
1233,0000115096,-,-,-,-
1234,0000115258,-,-,-,-
1235,0000277303,-,-,-,-
1236,0000115259,-,-,-,-
1237,0000104729,-,-,-,-
1238,0000115098,-,-,100,-
1239,0000115099,-,-,200,-
1240,0000268235,-,-,-,-
1241,0000292617,-,-,-,-
1242,0000163993,-,-,-,-
1243,0000113802,-,-,-,-
1244,0000104730,-,-,-,-
1245,0000112911,-,-,-,-
1246,0000104731,-,-,-,-
1247,0000113803,-,-,-,-
1248,0000113642,-,-,-,-
1249,0000104732,-,-,-,-
1250,0000113480,-,-,-,-
1251,0000113481,3600,-,400,-
1252,0000104733,-,-,-,-
1253,0000113482,-,-,-,-
1254,0000104734,-,-,200,-
1255,0000104735,-,-,400,-
1256,0000115265,-,-,-,-
1257,0000113645,-,-,-,-
1258,0000114375,-,-,400,-
1259,0000104736,-,-,-,-
1260,0000104737,-,-,-,-
1261,0000114538,450,-,400,-
1262,0000220567,-,-,400,-
1263,0000113648,-,-,-,-
1264,0000115268,-,-,-,-
1265,0000220568,-,-,-,-
1266,0000104739,-,-,-,-
1267,0000356452,-,-,-,-
1268,0000278208,-,-,200,-
1269,0000149744,-,-,-,-
1270,0000181982,-,-,-,-
1271,0000156879,-,-,-,-
1272,0000233040,450,-,400,-
1273,0000114701,-,-,-,-
1274,0000104900,-,-,-,-
1275,0000114702,-,-,-,-
1276,0000113812,-,-,-,-
1277,0000104740,-,-,-,-
1278,0000115270,-,-,-,-
1279,0000104902,-,-,-,-
1280,0000113651,-,-,-,-
1281,0000104903,-,-,-,-
1282,0000115271,-,-,-,-
1283,0000113813,-,-,-,-
1284,0000113814,-,-,-,-
1285,0000104742,-,-,-,-
1286,0000104904,-,-,-,-
1287,0000114381,-,-,-,-
1288,0000113653,-,-,-,-
1289,0000104743,-,-,-,-
1290,0000112924,-,-,-,-
1291,0000114382,450,-,100,-
1292,0000114707,-,-,400,-
1293,0000113654,-,-,-,-
1294,0000104906,-,-,-,-
1295,0000114545,-,-,-,-
1296,0000104744,-,-,-,-
1297,0000115274,-,-,-,-
1298,0000113655,-,-,-,-
1299,0000114708,-,-,-,-
1300,0000115275,-,-,-,-
1301,0000104745,-,-,-,-
1302,0000114709,-,-,-,-
1303,0000104746,-,-,-,-
1304,0000112927,-,-,-,-
1305,0000104908,-,-,-,-
1306,0000104747,-,-,-,-
1307,0000114386,-,-,400,-
1308,0000113657,900,-,400,-
1309,0000114548,-,-,-,-
1310,0000104909,-,-,-,-
1311,0000347711,-,-,-,-
1312,0000113658,-,-,-,-
1313,0000115278,-,-,400,-
1314,0000104748,-,-,-,-
1315,0000114549,-,-,-,-
1316,0000104749,-,-,-,-
1317,0000113497,-,-,-,-
1318,0000296035,-,-,400,-
1319,0000114389,-,-,-,-
1320,0000327953,-,-,100,-
1321,0000354686,-,-,-,-
1322,0000156886,-,-,-,-
1323,0000104910,-,-,-,-
1324,0000113821,-,-,-,-
1325,0000104911,-,-,-,-
1326,0000332116,-,-,-,-
1327,0000112931,-,-,-,-
1328,0000104750,-,-,400,-
1329,0000114713,450,-,400,-
1330,0000114551,-,-,-,-
1331,0000112932,-,-,-,-
1332,0000113823,-,-,-,-
1333,0000104751,-,-,-,-
1334,0000104752,-,-,-,-
1335,0000114715,-,-,-,-
1336,0000112933,-,-,-,-
1337,0000114717,3600,-,400,-
1338,0000104754,1800,-,400,-
1339,0000448402,-,-,-,-
1340,0000114718,-,-,-,-
1341,0000104755,-,-,-,-
1342,0000115285,-,-,-,-
1343,0000114395,-,-,-,-
1344,0000104756,450,-,400,-
1345,0000104757,-,-,-,-
1346,0000113829,-,-,-,-
1347,0000150199,-,-,-,-
1348,0000104758,450,-,400,-
1349,0000113668,-,-,-,-
1350,0000104759,-,-,-,-
1351,0000113669,-,-,-,-
1352,0000461772,-,-,-,-
1353,0000359147,-,-,-,-
1354,0000344891,-,-,-,-
1355,0000177384,-,-,-,-
1356,0000177385,-,-,-,-
1357,0000329584,-,-,100,-
1358,0000294269,900,-,400,-
1359,0000115290,1800,-,400,-
1360,0000104760,-,-,-,-
1361,0000104761,-,-,200,-
1362,0000115291,-,-,-,-
1363,0000104762,-,-,-,-
1364,0000104763,-,-,-,-
1365,0000113835,-,-,-,-
1366,0000113836,-,-,-,-
1367,0000112783,450,-,400,-
1368,0000104764,-,-,-,-
1369,0000104765,450,-,100,-
1370,0000115295,-,-,-,-
1371,0000113837,-,-,-,-
1372,0000114566,450,-,-,-
1373,0000113838,-,-,-,-
1374,0000114567,-,-,100,-
1375,0000104766,900,-,100,-
1376,0000113839,-,-,-,-
1377,0000116188,-,-,-,-
1378,0000112948,-,-,-,-
1379,0000284470,-,-,-,-
1380,0000220597,-,-,-,-
1381,0000104768,-,-,-,-
1382,0000112787,450,-,400,-
1383,0000113678,900,-,-,-
1384,0000291923,-,-,400,-
1385,0000269324,-,-,-,-
1386,0000248831,-,-,-,-
1387,0000220598,-,-,-,-
1388,0000112788,-,-,-,-
1389,0000104769,-,-,-,-
1390,0000248832,-,-,-,-
1391,0000355753,-,-,-,-
1392,0000281962,-,-,-,-
1393,0000346684,-,-,-,-
1394,0000177395,-,-,-,-
1395,0000266657,-,-,-,-
1396,0000263985,-,-,-,-
1397,0000113840,-,-,-,-
1398,0000320552,450,-,400,-
1399,0000222704,-,-,-,-
1400,0000113841,450,-,400,-
1401,0000104770,-,-,100,-
1402,0000114733,-,-,-,-
1403,0000104771,-,-,-,-
1404,0000114572,1800,-,400,-
1405,0000104772,-,-,-,-
1406,0000114573,-,-,200,-
1407,0000104773,-,-,-,-
1408,0000116195,-,-,-,-
1409,0000112793,-,-,-,-
1410,0000104774,-,-,-,-
1411,0000112794,-,-,-,-
1412,0000104775,-,-,-,-
1413,0000104776,-,-,-,-
1414,0000104777,-,-,-,-
